cluster_name,primary_keyword,secondary_keywords,target_page,page_type,city,service,brand,content_recommendation
LED TV Repair - Noida,led tv repair noida,led tv repair service in noida; lcd led tv repair in noida; led tv repair in noida sector 137; led tv repair at home noida,/services/led-tv-repair-noida,city_service_page,Noida,LED TV Repair,,"Priority target from top 50; build dedicated copy, FAQs, schema, and internal links."
LED TV Repair - Delhi,led tv repair delhi,led tv repair service in delhi; best led tv repair in delhi; led tv repair market in delhi; led tv repair in gaffar market delhi; led tv repair in south delhi; led tv repair in delhi ncr; best led tv repair service in delhi,/services/led-tv-repair-delhi,city_service_page,Delhi,LED TV Repair,,"Priority target from top 50; build dedicated copy, FAQs, schema, and internal links."
TV Repair - Noida,tv repair noida,tv repair near me noida; tv repair shop in noida,/services/tv-repair-noida,city_service_page,Noida,TV Repair,,"Priority target from top 50; build dedicated copy, FAQs, schema, and internal links."
Sony TV Repair - Noida,sony tv repair noida,sony tv service center noida; sony led tv repair in noida,/services/sony-tv-repair-noida,brand_city_page,Noida,TV Repair,Sony,"Priority target from top 50; build dedicated copy, FAQs, schema, and internal links."
TV Repair - Delhi,tv repair delhi,tv repair service in delhi; tv repair market in delhi; urban clap tv repair delhi; tv repair in south delhi; tv repair home service delhi; tv repair at home delhi; urbanclap tv repair delhi,/services/tv-repair-delhi,city_service_page,Delhi,TV Repair,,"Priority target from top 50; build dedicated copy, FAQs, schema, and internal links."
Samsung TV Repair - Delhi,samsung tv service centre delhi,samsung led tv repair in delhi; samsung tv repair delhi; samsung led tv service center delhi; samsung tv service center in south delhi,/services/samsung-tv-repair-delhi,brand_city_page,Delhi,TV Repair,Samsung,"Priority target from top 50; build dedicated copy, FAQs, schema, and internal links."
LG TV Repair - Delhi,lg tv service center in delhi,lg led tv repair in delhi; lg tv repair delhi; lg led tv service center in delhi,/services/lg-tv-repair-delhi,brand_city_page,Delhi,TV Repair,LG,"Priority target from top 50; build dedicated copy, FAQs, schema, and internal links."
TV Repair - Greater Noida,tv repair greater noida,,/services/tv-repair-greater-noida,city_service_page,Greater Noida,TV Repair,,"Priority target from top 50; build dedicated copy, FAQs, schema, and internal links."
TV Repair - Ghaziabad,tv repair in indirapuram ghaziabad,tv repair ghaziabad; tv repair in vaishali ghaziabad; tv repair in vasundhara ghaziabad,/services/tv-repair-ghaziabad,city_service_page,Ghaziabad,TV Repair,,"Priority target from top 50; build dedicated copy, FAQs, schema, and internal links."
LED TV Repair - Ghaziabad,led tv repair ghaziabad,led tv repair in vaishali ghaziabad; led tv repair in vasundhara ghaziabad; led tv repair service in ghaziabad,/services/led-tv-repair-ghaziabad,city_service_page,Ghaziabad,LED TV Repair,,"Priority target from top 50; build dedicated copy, FAQs, schema, and internal links."
Sony TV Repair - Delhi,sony tv repair delhi,sony led tv repair in delhi; sony tv repair centre delhi; sony tv service center in south delhi; sony tv service center in west delhi; sony tv service centre in east delhi,/services/sony-tv-repair-delhi,brand_city_page,Delhi,TV Repair,Sony,"Priority target from top 50; build dedicated copy, FAQs, schema, and internal links."
LCD TV Repair - Delhi,lcd tv repair delhi,lcd tv repair in south delhi,/services/lcd-tv-repair-delhi,city_service_page,Delhi,LCD TV Repair,,"Priority target from top 50; build dedicated copy, FAQs, schema, and internal links."
LED TV Repair - Greater Noida,led tv repair greater noida,,/services/led-tv-repair-greater-noida,city_service_page,Greater Noida,LED TV Repair,,"Priority target from top 50; build dedicated copy, FAQs, schema, and internal links."
Samsung TV Repair - Noida,samsung tv service centre noida,samsung tv repair noida; samsung led tv repair in noida,/services/samsung-tv-repair-noida,brand_city_page,Noida,TV Repair,Samsung,"Priority target from top 50; build dedicated copy, FAQs, schema, and internal links."
Near Me and Home Service,vu tv repair near me,sony led tv service center near me; near me tv repair shop; lg led tv repair near me; best tv repair near me; smart tv repair near me; tv repair near me; tv technician near me,/services/tv-repair-near-me,main_service_page,,TV Repair,Vu,"Priority target from top 50; build dedicated copy, FAQs, schema, and internal links."
LCD TV Repair - Noida,lcd tv repair noida,lcd tv repair service in noida,/services/lcd-tv-repair-noida,city_service_page,Noida,LCD TV Repair,,"Priority target from top 50; build dedicated copy, FAQs, schema, and internal links."
Mi/Xiaomi TV Repair - Delhi,mi tv repair delhi,mi led tv service center in delhi; xiaomi tv repair delhi,/services/mi-xiaomi-tv-repair-delhi,brand_city_page,Delhi,TV Repair,Mi/Xiaomi,"Priority target from top 50; build dedicated copy, FAQs, schema, and internal links."
Mi/Xiaomi TV Repair - Noida,mi tv repair noida,xiaomi tv repair noida,/services/mi-xiaomi-tv-repair-noida,brand_city_page,Noida,TV Repair,Mi/Xiaomi,"Priority target from top 50; build dedicated copy, FAQs, schema, and internal links."
Plasma TV Repair - Delhi,plasma tv repair delhi,,/services/plasma-tv-repair-delhi,city_service_page,Delhi,Plasma TV Repair,,"Priority target from top 50; build dedicated copy, FAQs, schema, and internal links."
TV Repair Core,tv repair nearby,nearest tv repairman; samsung tv repair service; nearby tv service centre; nearest tv repair shop; tv repair shops in my area; closest tv repair shop; tv repairing shop,/services/tv-repair,services_hub,,TV Repair,,Create or optimize this page.
TV Repair Cost - Delhi,led tv screen replacement cost in delhi,lcd tv repair cost delhi; led tv panel repair cost delhi; led tv repair cost delhi; oled tv repair cost delhi; tv repair cost delhi; tv screen replacement cost delhi; tv technician charges delhi,/blog/led-tv-screen-replacement-cost-in-delhi,blog_article,Delhi,TV Repair,,"Priority target from top 50; build dedicated copy, FAQs, schema, and internal links."
Led Tv Panel Repair Delhi Topic,led tv panel repair delhi,,/blog/led-tv-panel-repair-delhi,blog_article,Delhi,TV Repair,,"Priority target from top 50; build dedicated copy, FAQs, schema, and internal links."
Samsung TV Repair - Ghaziabad,samsung led tv service center in ghaziabad,samsung tv repair ghaziabad,/services/samsung-tv-repair-ghaziabad,brand_city_page,Ghaziabad,TV Repair,Samsung,Create or optimize this page.
Sony TV Repair - Ghaziabad,sony led tv repair in ghaziabad,sony tv repair ghaziabad,/services/sony-tv-repair-ghaziabad,brand_city_page,Ghaziabad,LED TV Repair,Sony,Create or optimize this page.
Vu TV Repair - Noida,vu tv service center in noida,vu tv repair noida,/services/vu-tv-repair-noida,brand_city_page,Noida,TV Repair,Vu,Create or optimize this page.
Sony TV Repair - Greater Noida,sony tv service center in greater noida,sony tv repair greater noida,/services/sony-tv-repair-greater-noida,brand_city_page,Greater Noida,TV Repair,Sony,Create or optimize this page.
LCD TV Repair - Ghaziabad,lcd tv repair in ghaziabad,,/services/lcd-tv-repair-ghaziabad,city_service_page,Ghaziabad,LCD TV Repair,,Create or optimize this page.
Led Tv Screen Repair In Delhi Topic,led tv screen repair in delhi,,/blog/led-tv-screen-repair-in-delhi,blog_article,Delhi,TV Repair,,"Priority target from top 50; build dedicated copy, FAQs, schema, and internal links."
Hisense TV Repair - Delhi,hisense tv repair delhi,,/services/hisense-tv-repair-delhi,brand_city_page,Delhi,TV Repair,Hisense,Create or optimize this page.
Hisense TV Repair - Ghaziabad,hisense tv repair ghaziabad,,/services/hisense-tv-repair-ghaziabad,brand_city_page,Ghaziabad,TV Repair,Hisense,Create or optimize this page.
Hisense TV Repair - Greater Noida,hisense tv repair greater noida,,/services/hisense-tv-repair-greater-noida,brand_city_page,Greater Noida,TV Repair,Hisense,Create or optimize this page.
Hisense TV Repair - Noida,hisense tv repair noida,,/services/hisense-tv-repair-noida,brand_city_page,Noida,TV Repair,Hisense,Create or optimize this page.
LG TV Repair - Ghaziabad,lg tv repair ghaziabad,,/services/lg-tv-repair-ghaziabad,brand_city_page,Ghaziabad,TV Repair,LG,Create or optimize this page.
LG TV Repair - Greater Noida,lg tv repair greater noida,,/services/lg-tv-repair-greater-noida,brand_city_page,Greater Noida,TV Repair,LG,Create or optimize this page.
LG TV Repair - Noida,lg tv repair noida,,/services/lg-tv-repair-noida,brand_city_page,Noida,TV Repair,LG,Create or optimize this page.
Mi/Xiaomi TV Repair - Ghaziabad,mi tv repair ghaziabad,xiaomi tv repair ghaziabad,/services/mi-xiaomi-tv-repair-ghaziabad,brand_city_page,Ghaziabad,TV Repair,Mi/Xiaomi,Create or optimize this page.
Mi/Xiaomi TV Repair - Greater Noida,mi tv repair greater noida,xiaomi tv repair greater noida,/services/mi-xiaomi-tv-repair-greater-noida,brand_city_page,Greater Noida,TV Repair,Mi/Xiaomi,Create or optimize this page.
OnePlus TV Repair - Delhi,oneplus tv repair delhi,,/services/oneplus-tv-repair-delhi,brand_city_page,Delhi,TV Repair,OnePlus,Create or optimize this page.
OnePlus TV Repair - Ghaziabad,oneplus tv repair ghaziabad,,/services/oneplus-tv-repair-ghaziabad,brand_city_page,Ghaziabad,TV Repair,OnePlus,Create or optimize this page.
OnePlus TV Repair - Greater Noida,oneplus tv repair greater noida,,/services/oneplus-tv-repair-greater-noida,brand_city_page,Greater Noida,TV Repair,OnePlus,Create or optimize this page.
OnePlus TV Repair - Noida,oneplus tv repair noida,,/services/oneplus-tv-repair-noida,brand_city_page,Noida,TV Repair,OnePlus,Create or optimize this page.
Panasonic TV Repair - Delhi,panasonic tv repair delhi,,/services/panasonic-tv-repair-delhi,brand_city_page,Delhi,TV Repair,Panasonic,Create or optimize this page.
Panasonic TV Repair - Ghaziabad,panasonic tv repair ghaziabad,,/services/panasonic-tv-repair-ghaziabad,brand_city_page,Ghaziabad,TV Repair,Panasonic,Create or optimize this page.
Panasonic TV Repair - Greater Noida,panasonic tv repair greater noida,,/services/panasonic-tv-repair-greater-noida,brand_city_page,Greater Noida,TV Repair,Panasonic,Create or optimize this page.
Panasonic TV Repair - Noida,panasonic tv repair noida,,/services/panasonic-tv-repair-noida,brand_city_page,Noida,TV Repair,Panasonic,Create or optimize this page.
Philips TV Repair - Delhi,philips tv repair delhi,,/services/philips-tv-repair-delhi,brand_city_page,Delhi,TV Repair,Philips,Create or optimize this page.
Philips TV Repair - Ghaziabad,philips tv repair ghaziabad,,/services/philips-tv-repair-ghaziabad,brand_city_page,Ghaziabad,TV Repair,Philips,Create or optimize this page.
Philips TV Repair - Greater Noida,philips tv repair greater noida,,/services/philips-tv-repair-greater-noida,brand_city_page,Greater Noida,TV Repair,Philips,Create or optimize this page.
Philips TV Repair - Noida,philips tv repair noida,,/services/philips-tv-repair-noida,brand_city_page,Noida,TV Repair,Philips,Create or optimize this page.
Samsung TV Repair - Greater Noida,samsung tv repair greater noida,,/services/samsung-tv-repair-greater-noida,brand_city_page,Greater Noida,TV Repair,Samsung,Create or optimize this page.
TCL TV Repair - Delhi,tcl tv repair delhi,,/services/tcl-tv-repair-delhi,brand_city_page,Delhi,TV Repair,TCL,Create or optimize this page.
TCL TV Repair - Ghaziabad,tcl tv repair ghaziabad,,/services/tcl-tv-repair-ghaziabad,brand_city_page,Ghaziabad,TV Repair,TCL,Create or optimize this page.
TCL TV Repair - Greater Noida,tcl tv repair greater noida,,/services/tcl-tv-repair-greater-noida,brand_city_page,Greater Noida,TV Repair,TCL,Create or optimize this page.
TCL TV Repair - Noida,tcl tv repair noida,,/services/tcl-tv-repair-noida,brand_city_page,Noida,TV Repair,TCL,Create or optimize this page.
Vu TV Repair - Delhi,vu tv repair delhi,,/services/vu-tv-repair-delhi,brand_city_page,Delhi,TV Repair,Vu,Create or optimize this page.
Vu TV Repair - Ghaziabad,vu tv repair ghaziabad,,/services/vu-tv-repair-ghaziabad,brand_city_page,Ghaziabad,TV Repair,Vu,Create or optimize this page.
Vu TV Repair - Greater Noida,vu tv repair greater noida,,/services/vu-tv-repair-greater-noida,brand_city_page,Greater Noida,TV Repair,Vu,Create or optimize this page.
Curved TV Repair - Delhi,curved tv repair delhi,,/services/curved-tv-repair-delhi,city_service_page,Delhi,Curved TV Repair,,Create or optimize this page.
Curved TV Repair - Ghaziabad,curved tv repair ghaziabad,,/services/curved-tv-repair-ghaziabad,city_service_page,Ghaziabad,Curved TV Repair,,Create or optimize this page.
Curved TV Repair - Greater Noida,curved tv repair greater noida,,/services/curved-tv-repair-greater-noida,city_service_page,Greater Noida,Curved TV Repair,,Create or optimize this page.
Curved TV Repair - Noida,curved tv repair noida,,/services/curved-tv-repair-noida,city_service_page,Noida,Curved TV Repair,,Create or optimize this page.
LCD TV Repair - Greater Noida,lcd tv repair greater noida,,/services/lcd-tv-repair-greater-noida,city_service_page,Greater Noida,LCD TV Repair,,Create or optimize this page.
OLED TV Repair - Delhi,oled tv repair delhi,,/services/oled-tv-repair-delhi,city_service_page,Delhi,OLED TV Repair,,Create or optimize this page.
OLED TV Repair - Ghaziabad,oled tv repair ghaziabad,,/services/oled-tv-repair-ghaziabad,city_service_page,Ghaziabad,OLED TV Repair,,Create or optimize this page.
OLED TV Repair - Greater Noida,oled tv repair greater noida,,/services/oled-tv-repair-greater-noida,city_service_page,Greater Noida,OLED TV Repair,,Create or optimize this page.
OLED TV Repair - Noida,oled tv repair noida,,/services/oled-tv-repair-noida,city_service_page,Noida,OLED TV Repair,,Create or optimize this page.
Plasma TV Repair - Ghaziabad,plasma tv repair ghaziabad,,/services/plasma-tv-repair-ghaziabad,city_service_page,Ghaziabad,Plasma TV Repair,,Create or optimize this page.
Plasma TV Repair - Greater Noida,plasma tv repair greater noida,,/services/plasma-tv-repair-greater-noida,city_service_page,Greater Noida,Plasma TV Repair,,Create or optimize this page.
Plasma TV Repair - Noida,plasma tv repair noida,,/services/plasma-tv-repair-noida,city_service_page,Noida,Plasma TV Repair,,Create or optimize this page.
QLED TV Repair - Delhi,qled tv repair delhi,,/services/qled-tv-repair-delhi,city_service_page,Delhi,QLED TV Repair,,"Priority target from top 50; build dedicated copy, FAQs, schema, and internal links."
QLED TV Repair - Ghaziabad,qled tv repair ghaziabad,,/services/qled-tv-repair-ghaziabad,city_service_page,Ghaziabad,QLED TV Repair,,Create or optimize this page.
QLED TV Repair - Greater Noida,qled tv repair greater noida,,/services/qled-tv-repair-greater-noida,city_service_page,Greater Noida,QLED TV Repair,,Create or optimize this page.
QLED TV Repair - Noida,qled tv repair noida,,/services/qled-tv-repair-noida,city_service_page,Noida,QLED TV Repair,,Create or optimize this page.
TV Repair Cost - Ghaziabad,lcd tv repair cost ghaziabad,led tv panel repair cost ghaziabad; led tv repair cost ghaziabad; oled tv repair cost ghaziabad; tv repair cost ghaziabad; tv screen replacement cost ghaziabad; tv technician charges ghaziabad,/blog/lcd-tv-repair-cost-ghaziabad,blog_article,Ghaziabad,LCD TV Repair,,"Priority target from top 50; build dedicated copy, FAQs, schema, and internal links."
TV Repair Cost - Greater Noida,lcd tv repair cost greater noida,led tv panel repair cost greater noida; led tv repair cost greater noida; oled tv repair cost greater noida; tv repair cost greater noida; tv screen replacement cost greater noida; tv technician charges greater noida,/blog/lcd-tv-repair-cost-greater-noida,blog_article,Greater Noida,LCD TV Repair,,"Priority target from top 50; build dedicated copy, FAQs, schema, and internal links."
TV Repair Cost - Noida,lcd tv repair cost noida,led tv panel repair cost noida; led tv repair cost noida; oled tv repair cost noida; tv repair cost noida; tv screen replacement cost noida; tv technician charges noida,/blog/lcd-tv-repair-cost-noida,blog_article,Noida,LCD TV Repair,,"Priority target from top 50; build dedicated copy, FAQs, schema, and internal links."
Led Tv Screen Repair Ghaziabad Topic,led tv screen repair ghaziabad,,/blog/led-tv-screen-repair-ghaziabad,blog_article,Ghaziabad,TV Repair,,"Priority target from top 50; build dedicated copy, FAQs, schema, and internal links."
Led Tv Screen Repair Greater Noida Topic,led tv screen repair greater noida,,/blog/led-tv-screen-repair-greater-noida,blog_article,Greater Noida,TV Repair,,"Priority target from top 50; build dedicated copy, FAQs, schema, and internal links."
Led Tv Screen Repair Noida Topic,led tv screen repair noida,,/blog/led-tv-screen-repair-noida,blog_article,Noida,TV Repair,,"Priority target from top 50; build dedicated copy, FAQs, schema, and internal links."
Tv Backlight Repair Delhi Topic,tv backlight repair delhi,,/blog/tv-backlight-repair-delhi,blog_article,Delhi,TV Repair,,"Priority target from top 50; build dedicated copy, FAQs, schema, and internal links."
